{
  "project_info": {
    "project_number": "922443155728",
    "firebase_url": "https://qwerty-20db3.firebaseio.com",
    "project_id": "qwerty-20db3",
    "storage_bucket": "qwerty-20db3.appspot.com"
  },
  "client": [
    {
      "client_info": {
        "mobilesdk_app_id": "1:922443155728:android:5160f9c2fbffb82e823d95",
        "android_client_info": {
          "package_name": "com.btust.firebaseproject1"
        }
      },
      "oauth_client": [
        {
          "client_id": "922443155728-8n34q9cvvibb74ahgn2teuv6lpk2vklc.apps.googleusercontent.com",
          "client_type": 3
        }
      ],
      "api_key": [
        {
          "current_key": "AIzaSyDyOlVtEEZ6tnnFqJFiIDpCwJgAzZcJgHU"
        }
      ],
      "services": {
        "appinvite_service": {
          "other_platform_oauth_client": [
            {
              "client_id": "922443155728-8n34q9cvvibb74ahgn2teuv6lpk2vklc.apps.googleusercontent.com",
              "client_type": 3
            }
          ]
        }
      }
    }
  ],
  "configuration_version": "1"
}